Player;Nation;Pos;Age;MP;Starts;Min;90s;Gls;Ast;G+A;G-PK;PK;PKatt;CrdY;CrdR;xG;npxG;xAG;npxG+xAG;PrgC;PrgP;PrgR;Gls;Ast;G+A;G-PK;G+A-PK;xG;xAG;xG+xAG;npxG;npxG+xAG;;MP
Federico Valverde;uy URU;MF,DF;26-302;35;33;2942;32.7;6;4;10;6;0;0;4;0;2.6;2.6;3.1;5.7;65;221;74;0.18;0.12;0.31;0.18;0.31;0.08;0.10;0.18;0.08;0.18;Real Madrid;
Kylian Mbappé;fr FRA;FW;26-151;33;33;2817;31.3;29;3;32;22;7;8;3;1;23.8;17.4;7.5;24.9;150;134;370;0.93;0.10;1.02;0.70;0.80;0.76;0.24;1.00;0.56;0.80;Real Madrid;
Thibaut Courtois;be BEL;GK;33-009;30;30;2700;30.0;0;0;0;0;0;0;1;0;0.0;0.0;0.1;0.1;0;0;0;0.00;0.00;0.00;0.00;0.00;0.00;0.00;0.00;0.00;0.00;Real Madrid;
Aurélien Tchouaméni;fr FRA;DF,MF;25-113;31;30;2634;29.3;0;0;0;0;0;0;5;0;1.6;1.6;0.6;2.1;19;152;13;0.00;0.00;0.00;0.00;0.00;0.05;0.02;0.07;0.05;0.07;Real Madrid;
Jude Bellingham;eng ENG;MF;21-325;31;29;2488;27.6;9;8;17;8;1;2;5;1;11.4;9.9;3.9;13.7;74;199;143;0.33;0.29;0.61;0.29;0.58;0.41;0.14;0.55;0.36;0.50;Real Madrid;
Antonio Rüdiger;de GER;DF;32-078;29;26;2291;25.5;0;0;0;0;0;0;3;0;1.7;1.7;0.5;2.3;20;94;4;0.00;0.00;0.00;0.00;0.00;0.07;0.02;0.09;0.07;0.09;Real Madrid;
Vinicius Júnior;br BRA;FW;24-312;29;24;2217;24.6;11;7;18;9;2;3;8;1;10.2;8.0;7.9;15.9;167;82;252;0.45;0.28;0.73;0.37;0.65;0.41;0.32;0.73;0.33;0.65;Real Madrid;
Lucas Vázquez;es ESP;DF;33-323;31;24;2113;23.5;1;5;6;1;0;0;4;0;1.4;1.4;4.7;6.1;36;98;185;0.04;0.21;0.26;0.04;0.26;0.06;0.20;0.26;0.06;0.26;Real Madrid;
Fran Garcia;es ESP;DF;25-279;30;23;2081;23.1;0;2;2;0;0;0;0;0;0.8;0.8;1.8;2.6;75;116;165;0.00;0.09;0.09;0.00;0.09;0.04;0.08;0.11;0.04;0.11;Real Madrid;
Rodrygo;br BRA;FW,MF;24-131;30;22;1928;21.4;6;5;11;6;0;0;0;0;4.0;3.9;3.0;6.9;113;108;253;0.28;0.23;0.51;0.28;0.51;0.19;0.14;0.33;0.18;0.32;Real Madrid;
Raúl Asencio;es ESP;DF;22-096;22;17;1580;17.6;0;1;1;0;0;0;3;0;0.1;0.1;0.5;0.6;5;25;4;0.00;0.06;0.06;0.00;0.06;0.00;0.03;0.04;0.00;0.04;Real Madrid;
Luka Modrić;hr CRO;MF;39-253;34;16;1741;19.3;2;6;8;2;0;0;7;0;1.6;1.6;6.9;8.4;58;192;58;0.10;0.31;0.41;0.10;0.41;0.08;0.36;0.44;0.08;0.44;Real Madrid;
Brahim Díaz;ma MAR;FW,MF;25-290;30;15;1331;14.8;4;2;6;4;0;0;0;0;5.3;5.3;2.9;8.1;39;70;102;0.27;0.14;0.41;0.27;0.41;0.36;0.19;0.55;0.36;0.55;Real Madrid;
Dani Ceballos;es ESP;MF;28-286;22;14;1125;12.5;0;0;0;0;0;0;4;0;0.4;0.4;1.6;2.0;40;137;16;0.00;0.00;0.00;0.00;0.00;0.03;0.13;0.16;0.03;0.16;Real Madrid;
Arda Güler;tr TUR;MF,FW;20-084;27;13;1160;12.9;3;4;7;3;0;0;1;0;3.3;3.3;3.8;7.0;33;85;81;0.23;0.31;0.54;0.23;0.54;0.25;0.29;0.55;0.25;0.55;Real Madrid;
Ferland Mendy;fr FRA;DF;29-346;14;12;1005;11.2;0;1;1;0;0;0;1;1;0.0;0.0;0.5;0.5;12;36;40;0.00;0.09;0.09;0.00;0.09;0.00;0.05;0.05;0.00;0.05;Real Madrid;
Eduardo Camavinga;fr FRA;MF,DF;22-191;19;11;1102;12.2;1;2;3;1;0;0;2;0;0.4;0.4;0.8;1.2;26;61;31;0.08;0.16;0.25;0.08;0.25;0.04;0.06;0.10;0.04;0.10;Real Madrid;
Éder Militão;br BRA;DF;27-122;12;11;938;10.4;1;1;2;1;0;0;2;0;0.6;0.6;0.5;1.1;7;46;1;0.10;0.10;0.19;0.10;0.19;0.06;0.05;0.11;0.06;0.11;Real Madrid;
Dani Carvajal;es ESP;DF;33-129;8;7;609;6.8;1;0;1;1;0;0;1;0;1.3;1.3;0.2;1.5;13;27;48;0.15;0.00;0.15;0.15;0.15;0.19;0.03;0.22;0.19;0.22;Real Madrid;
Andriy Lunin;ua UKR;GK;26-098;6;6;540;6.0;0;1;1;0;0;0;0;0;0.0;0.0;0.9;0.9;0;0;0;0.00;0.17;0.17;0.00;0.17;0.00;0.16;0.16;0.00;0.16;Real Madrid;
David Alaba;at AUT;DF;32-330;7;4;317;3.5;0;0;0;0;0;0;1;0;0.0;0.0;0.1;0.1;2;7;4;0.00;0.00;0.00;0.00;0.00;0.00;0.02;0.02;0.00;0.02;Real Madrid;
Endrick;br BRA;FW;18-303;22;3;363;4.0;1;0;1;1;0;0;1;0;2.5;2.5;0.5;3.0;12;8;32;0.25;0.00;0.25;0.25;0.25;0.61;0.12;0.73;0.61;0.73;Real Madrid;
Jacobo Ramón;es ESP;DF;20-134;3;2;204;2.3;1;0;1;1;0;0;1;0;0.2;0.2;0.2;0.4;0;1;2;0.44;0.00;0.44;0.44;0.44;0.07;0.09;0.16;0.07;0.16;Real Madrid;
Jesús Vallejo;es ESP;DF;28-135;3;1;103;1.1;0;1;1;0;0;0;0;0;0.0;0.0;0.1;0.1;0;5;1;0.00;0.87;0.87;0.00;0.87;0.00;0.09;0.09;0.00;0.09;Real Madrid;
Fran;es ESP;GK;19-330;1;1;90;1.0;0;0;0;0;0;0;0;0;0.0;0.0;0.0;0.0;0;0;0;0.00;0.00;0.00;0.00;0.00;0.00;0.00;0.00;0.00;0.00;Real Madrid;
Gonzalo García;es ESP;DF,FW;21-057;2;0;42;0.5;0;1;1;0;0;0;0;0;0.5;0.5;1.0;1.5;0;0;3;0.00;2.14;2.14;0.00;2.14;1.06;2.08;3.14;1.06;3.14;Real Madrid;
Víctor Muñoz;es ESP;FW,DF;21-311;2;0;36;0.4;0;0;0;0;0;0;0;0;0.5;0.5;0.0;0.5;3;0;9;0.00;0.00;0.00;0.00;0.00;1.23;0.00;1.23;1.23;1.23;Real Madrid;
Chema;es ESP;MF;20-025;1;0;8;0.1;0;0;0;0;0;0;0;0;0.0;0.0;0.0;0.0;0;0;0;0.00;0.00;0.00;0.00;0.00;0.00;0.00;0.00;0.00;0.00;Real Madrid;
Lorenzo Aguado;es ESP;DF;22-243;2;0;5;0.1;0;0;0;0;0;0;0;0;0.0;0.0;0.0;0.0;0;0;0;0.00;0.00;0.00;0.00;0.00;0.00;0.00;0.00;0.00;0.00;Real Madrid;
Daniel Yáñez;es ESP;FW;18-053;1;0;2;0.0;0;0;0;0;0;0;0;0;0.0;0.0;0.0;0.0;0;0;0;0.00;0.00;0.00;0.00;0.00;0.00;0.00;0.00;0.00;0.00;Real Madrid;
Diego Aguado;es ESP;DF;18-102;0;0;;;;;;;;;;;;;;;;;;;;;;;;;;;;Real Madrid;
David Jiménez;es ESP;DF;21-067;0;0;;;;;;;;;;;;;;;;;;;;;;;;;;;;Real Madrid;
Youssef Lekhedim;es ESP;DF;19-225;0;0;;;;;;;;;;;;;;;;;;;;;;;;;;;;Real Madrid;
Sergio Mestre;es ESP;GK;20-096;0;0;;;;;;;;;;;;;;;;;;;;;;;;;;;;Real Madrid;
Mario Rivas;es ESP;DF;18-065;0;0;;;;;;;;;;;;;;;;;;;;;;;;;;;;Real Madrid;
Victor Valdepeñas;es ESP;DF;18-212;0;0;;;;;;;;;;;;;;;;;;;;;;;;;;;;Real Madrid;
Squad Total;;;27.5;37;407;3330;37.0;76;54;130;66;10;13;57;4;72.7;62.8;53.0;115.8;969;1904;1891;2.05;1.46;3.51;1.78;3.24;1.96;1.43;3.40;1.70;3.13;Real Madrid;
Opponent Total;;;27.7;37;407;3330;37.0;37;27;64;34;3;3;89;6;41.9;40.0;31.2;71.3;633;1147;1127;1.00;0.73;1.73;0.92;1.65;1.13;0.84;1.98;1.08;1.93;Real Madrid;
Pedri;es ESP;MF;22-176;;34;2799;31.1;4;5;9;4;0;0;3;0;2.2;2.2;7.4;9.6;92;355;134;0.13;0.16;0.29;0.13;0.29;0.07;0.24;0.31;0.07;0.31;Barcelona;36
Raphinha;br BRA;FW,MF;28-157;;31;2776;30.8;18;9;27;16;2;2;4;0;19.2;17.6;12.1;29.7;93;135;344;0.58;0.29;0.88;0.52;0.81;0.62;0.39;1.01;0.57;0.96;Barcelona;35
Robert Lewandowski;pl POL;FW;36-272;;31;2579;28.7;25;2;27;22;3;4;1;0;24.8;21.7;2.3;24.0;26;48;160;0.87;0.07;0.94;0.77;0.84;0.87;0.08;0.95;0.76;0.84;Barcelona;33
Lamine Yamal;es ESP;FW;17-311;;30;2766;30.7;9;13;22;9;0;0;3;0;9.6;9.6;13.9;23.5;179;156;426;0.29;0.42;0.72;0.29;0.72;0.31;0.45;0.76;0.31;0.76;Barcelona;34
Jules Koundé;fr FRA;DF;26-189;;29;2605;28.9;2;3;5;2;0;0;4;0;1.8;1.8;3.9;5.7;44;165;190;0.07;0.10;0.17;0.07;0.17;0.06;0.13;0.20;0.06;0.20;Barcelona;32
Pau Cubarsí;es ESP;DF;18-118;;28;2528;28.1;0;3;3;0;0;0;3;0;0.8;0.8;1.6;2.5;26;190;6;0.00;0.11;0.11;0.00;0.11;0.03;0.06;0.09;0.03;0.09;Barcelona;34
Iñigo Martínez;es ESP;DF;34-003;;28;2490;27.7;0;4;4;0;0;0;5;0;0.5;0.5;2.6;3.1;70;260;11;0.00;0.14;0.14;0.00;0.14;0.02;0.10;0.11;0.02;0.11;Barcelona;28
Alejandro Balde;es ESP;DF;21-214;;25;2204;24.5;0;4;4;0;0;0;2;0;0.5;0.5;3.4;3.9;104;90;241;0.00;0.16;0.16;0.00;0.16;0.02;0.14;0.16;0.02;0.16;Barcelona;31
Marc Casado;es ESP;MF;21-248;;20;1611;17.9;1;3;4;1;0;0;4;1;1.1;1.1;1.4;2.4;12;107;24;0.06;0.17;0.22;0.06;0.22;0.06;0.08;0.13;0.06;0.13;Barcelona;23
Wojciech Szczęsny;pl POL;GK;35-032;;15;1350;15.0;0;0;0;0;0;0;0;0;0.0;0.0;0.0;0.0;0;0;0;0.00;0.00;0.00;0.00;0.00;0.00;0.00;0.00;0.00;0.00;Barcelona;15
Iñaki Peña;es ESP;GK;26-079;;14;1306;14.5;0;0;0;0;0;0;1;0;0.0;0.0;0.0;0.0;0;3;0;0.00;0.00;0.00;0.00;0.00;0.00;0.00;0.00;0.00;0.00;Barcelona;15
Eric García;es ESP;DF,MF;24-131;;13;1476;16.4;2;3;5;2;0;0;4;0;2.3;2.3;0.8;3.1;18;103;22;0.12;0.18;0.30;0.12;0.30;0.14;0.05;0.19;0.14;0.19;Barcelona;28
Dani Olmo;es ESP;MF,FW;27-013;;13;1185;13.2;9;3;12;8;1;1;1;0;5.7;4.9;2.9;7.8;31;79;96;0.68;0.23;0.91;0.61;0.84;0.43;0.22;0.65;0.37;0.59;Barcelona;24
Gavi;es ESP;MF,FW;20-288;;13;995;11.1;1;1;2;1;0;0;4;0;0.9;0.9;1.6;2.4;13;74;41;0.09;0.09;0.18;0.09;0.18;0.08;0.14;0.22;0.08;0.22;Barcelona;25
Ferrán Torres;es ESP;FW,MF;25-080;;12;1106;12.3;10;6;16;10;0;0;1;1;8.0;8.0;3.1;11.0;23;35;98;0.81;0.49;1.30;0.81;1.30;0.65;0.25;0.90;0.65;0.90;Barcelona;27
Fermin López;es ESP;MF,FW;22-009;;11;1162;12.9;6;4;10;6;0;0;4;1;5.5;5.5;3.1;8.6;28;73;101;0.46;0.31;0.77;0.46;0.77;0.43;0.24;0.67;0.43;0.67;Barcelona;27
Gerard Martín;es ESP;DF;23-139;;11;1028;11.4;1;3;4;1;0;0;2;0;0.5;0.5;1.1;1.6;10;40;122;0.09;0.26;0.35;0.09;0.35;0.04;0.10;0.14;0.04;0.14;Barcelona;27
Ronald Araújo;uy URU;DF;26-074;;10;691;7.7;1;1;2;1;0;0;3;0;1.0;1.0;0.4;1.4;6;47;3;0.13;0.13;0.26;0.13;0.26;0.12;0.06;0.18;0.12;0.18;Barcelona;11
Frenkie de Jong;nl NED;MF;28-008;;9;1133;12.6;2;2;4;2;0;0;3;0;0.7;0.7;2.0;2.6;36;119;23;0.16;0.16;0.32;0.16;0.32;0.05;0.16;0.21;0.05;0.21;Barcelona;25
Marc-André ter Stegen;de GER;GK;33-020;;8;674;7.5;0;0;0;0;0;0;0;0;0.0;0.0;0.0;0.0;0;2;0;0.00;0.00;0.00;0.00;0.00;0.00;0.00;0.00;0.00;0.00;Barcelona;8
Héctor Fort;es ESP;DF;18-291;;5;585;6.5;0;0;0;0;0;0;2;0;0.2;0.2;0.9;1.1;14;26;33;0.00;0.00;0.00;0.00;0.00;0.04;0.13;0.17;0.04;0.17;Barcelona;17
Pablo Torre;es ESP;MF,FW;22-047;;4;310;3.4;3;1;4;3;0;0;0;0;0.4;0.4;0.8;1.1;5;17;20;0.87;0.29;1.16;0.87;1.16;0.11;0.23;0.33;0.11;0.33;Barcelona;10
Marc Bernal;es ESP;MF;17-359;;3;242;2.7;0;0;0;0;0;0;2;0;0.1;0.1;0.0;0.1;0;8;2;0.00;0.00;0.00;0.00;0.00;0.03;0.01;0.03;0.03;0.03;Barcelona;3
Ansu Fati;es ESP;FW;22-201;;3;233;2.6;0;0;0;0;0;0;1;0;1.0;1.0;0.2;1.1;7;6;32;0.00;0.00;0.00;0.00;0.00;0.38;0.06;0.44;0.38;0.44;Barcelona;6
Pau Victor Delgado;es ESP;FW;23-175;;2;317;3.5;2;1;3;2;0;0;2;0;3.0;3.0;0.9;3.9;6;11;28;0.57;0.28;0.85;0.57;0.85;0.85;0.25;1.10;0.85;1.10;Barcelona;20
Andreas Christensen;dk DEN;DF;29-040;;2;227;2.5;0;0;0;0;0;0;3;0;0.0;0.0;0.0;0.0;1;14;1;0.00;0.00;0.00;0.00;0.00;0.00;0.01;0.01;0.00;0.01;Barcelona;4
Sergi Dominguez;es ESP;DF;20-049;;2;172;1.9;0;0;0;0;0;0;1;0;0.0;0.0;0.0;0.0;0;13;1;0.00;0.00;0.00;0.00;0.00;0.00;0.00;0.00;0.00;0.00;Barcelona;3
Daniel Rodriguez;es ESP;FW;19-284;;1;37;0.4;0;0;0;0;0;0;0;0;0.0;0.0;0.0;0.0;4;2;9;0.00;0.00;0.00;0.00;0.00;0.06;0.00;0.06;0.06;0.06;Barcelona;1
Ander Astralaga;es ESP;GK;21-078;;0;;;;;;;;;;;;;;;;;;;;;;;;;;;;Barcelona;0
Álvaro Cortés;es ESP;DF;20-003;;0;;;;;;;;;;;;;;;;;;;;;;;;;;;;Barcelona;0
Andres Cuenca;es ESP;DF;17-343;;0;;;;;;;;;;;;;;;;;;;;;;;;;;;;Barcelona;0
Noah Darvich;de GER;MF;18-237;;0;;;;;;;;;;;;;;;;;;;;;;;;;;;;Barcelona;0
Landry Farré;es ESP;DF;18-139;;0;;;;;;;;;;;;;;;;;;;;;;;;;;;;Barcelona;0
Guillermo Fernandez;es ESP;MF;16-336;;0;;;;;;;;;;;;;;;;;;;;;;;;;;;;Barcelona;0
Toni Fernández;es ESP;MF;16-339;;0;;;;;;;;;;;;;;;;;;;;;;;;;;;;Barcelona;0
Diego Kochen;us USA;GK;19-062;;0;;;;;;;;;;;;;;;;;;;;;;;;;;;;Barcelona;0
Alexis Olmedo;es ESP;DF;19-139;;0;;;;;;;;;;;;;;;;;;;;;;;;;;;;Barcelona;0
Álex Valle;es ESP;DF;21-025;;0;;;;;;;;;;;;;;;;;;;;;;;;;;;;Barcelona;0
Áron Yaakobishvili;hu HUN;GK;19-075;;0;;;;;;;;;;;;;;;;;;;;;;;;;;;;Barcelona;0
Squad Total;;;25.5;;407;3330;37.0;96;71;167;90;6;7;63;3;88.0;82.4;66.0;148.5;848;2178;2168;2.59;1.92;4.51;2.43;4.35;2.38;1.78;4.16;2.23;4.01;Barcelona;37
Opponent Total;;;27.6;;407;3330;37.0;39;31;70;35;4;4;88;2;40.7;37.6;31.8;69.3;391;753;742;1.05;0.84;1.89;0.95;1.78;1.10;0.86;1.96;1.02;1.87;Barcelona;37
Joško Gvardiol;hr CRO;DF;23-117;;34;3097;34.4;5;0;5;5;0;0;2;0;4.4;4.1;2.0;6.1;87;256;112;0.15;0.00;0.15;0.15;0.15;0.13;0.06;0.19;0.12;0.18;Manchester City;35
Erling Haaland;no NOR;FW;24-303;;29;2570;28.6;21;3;24;19;2;3;2;0;20.9;18.5;2.9;21.4;20;18;110;0.74;0.11;0.84;0.67;0.77;0.73;0.10;0.83;0.65;0.75;Manchester City;29
Bernardo Silva;pt POR;MF,FW;30-283;;27;2491;27.7;3;4;7;3;0;0;7;0;3.6;3.6;4.4;8.0;98;122;191;0.11;0.14;0.25;0.11;0.25;0.13;0.16;0.29;0.13;0.29;Manchester City;31
Ederson;br BRA;GK;31-276;;24;2140;23.8;0;4;4;0;0;0;3;0;0.0;0.0;1.5;1.5;0;2;0;0.00;0.17;0.17;0.00;0.17;0.00;0.07;0.07;0.00;0.07;Manchester City;24
Mateo Kovačić;hr CRO;MF;31-014;;24;2132;23.7;6;1;7;6;0;0;5;0;1.9;1.9;3.6;5.4;54;156;15;0.25;0.04;0.30;0.25;0.30;0.08;0.15;0.23;0.08;0.23;Manchester City;30
Rúben Dias;pt POR;DF;28-006;;23;2091;23.2;0;0;0;0;0;0;4;0;1.5;1.5;0.3;1.8;38;143;8;0.00;0.00;0.00;0.00;0.00;0.06;0.01;0.08;0.06;0.08;Manchester City;25
İlkay Gündoğan;de GER;MF;34-208;;23;2050;22.8;0;5;5;0;0;0;1;0;2.7;2.7;2.8;5.5;57;115;86;0.00;0.22;0.22;0.00;0.22;0.12;0.12;0.24;0.12;0.24;Manchester City;31
Rico Lewis;eng ENG;DF,MF;20-180;;21;1893;21.0;1;2;3;1;0;0;5;1;1.4;1.4;0.3;1.7;39;107;78;0.05;0.10;0.14;0.05;0.14;0.07;0.02;0.08;0.07;0.08;Manchester City;28
Manuel Akanji;ch SUI;DF;29-305;;21;1834;20.4;0;0;0;0;0;0;3;0;1.1;1.1;0.4;1.5;41;150;6;0.00;0.00;0.00;0.00;0.00;0.06;0.02;0.08;0.06;0.08;Manchester City;24
Sávio;br BRA;FW,MF;21-040;;21;1749;19.4;1;8;9;1;0;0;3;0;5.0;5.0;6.9;11.9;135;66;244;0.05;0.41;0.46;0.05;0.46;0.26;0.35;0.61;0.26;0.61;Manchester City;28
Phil Foden;eng ENG;MF,FW;24-357;;20;1768;19.6;7;2;9;7;0;0;2;0;5.2;5.2;4.8;9.9;50;103;128;0.36;0.10;0.46;0.36;0.46;0.26;0.24;0.51;0.26;0.51;Manchester City;27
Kevin De Bruyne;be BEL;MF,FW;33-326;;18;1628;18.1;4;7;11;4;0;0;2;0;4.2;4.2;7.9;12.1;50;153;143;0.22;0.39;0.61;0.22;0.61;0.23;0.44;0.67;0.23;0.67;Manchester City;26
Matheus Nunes;pt POR;DF,MF;26-266;;17;1494;16.6;1;5;6;1;0;0;4;0;0.9;0.9;4.2;5.1;59;69;156;0.06;0.30;0.36;0.06;0.36;0.05;0.25;0.31;0.05;0.31;Manchester City;24
Jeremy Doku;be BEL;FW,MF;22-358;;15;1442;16.0;3;6;9;3;0;0;1;0;1.0;1.0;4.7;5.7;201;67;274;0.19;0.37;0.56;0.19;0.56;0.06;0.29;0.36;0.06;0.36;Manchester City;27
Stefan Ortega;de GER;GK;32-195;;12;1100;12.2;0;0;0;0;0;0;1;0;0.0;0.0;0.0;0.0;0;0;0;0.00;0.00;0.00;0.00;0.00;0.00;0.00;0.00;0.00;0.00;Manchester City;13
Omar Marmoush;eg EGY;FW,MF;26-102;;12;1005;11.2;6;0;6;6;0;0;0;0;4.9;4.9;1.7;6.6;22;29;68;0.54;0.00;0.54;0.54;0.54;0.44;0.15;0.59;0.44;0.59;Manchester City;14
Kyle Walker;eng ENG;DF;34-357;;9;970;10.8;0;0;0;0;0;0;3;0;0.1;0.1;0.4;0.6;12;64;11;0.00;0.00;0.00;0.00;0.00;0.01;0.04;0.05;0.01;0.05;Manchester City;15
Nathan Aké;nl NED;DF;30-091;;8;678;7.5;0;0;0;0;0;0;0;0;0.2;0.2;0.0;0.2;12;50;2;0.00;0.00;0.00;0.00;0.00;0.03;0.00;0.03;0.03;0.03;Manchester City;10
Nicolás González;es ESP;MF;23-137;;8;648;7.2;0;0;0;0;0;0;3;0;0.3;0.3;0.1;0.3;5;46;10;0.00;0.00;0.00;0.00;0.00;0.04;0.01;0.05;0.04;0.05;Manchester City;9
Jack Grealish;eng ENG;FW,MF;29-252;;7;720;8.0;1;1;2;1;0;0;3;0;1.1;1.1;1.8;3.0;69;52;118;0.12;0.12;0.25;0.12;0.25;0.14;0.23;0.37;0.14;0.37;Manchester City;19
John Stones;eng ENG;DF,MF;30-357;;6;548;6.1;2;0;2;2;0;0;1;0;0.4;0.4;0.1;0.5;10;21;2;0.33;0.00;0.33;0.33;0.33;0.07;0.01;0.08;0.07;0.08;Manchester City;11
Nico O’Reilly;eng ENG;DF;20-060;;6;528;5.9;2;0;2;2;0;0;0;0;1.3;1.3;0.4;1.6;16;17;26;0.34;0.00;0.34;0.34;0.34;0.22;0.06;0.28;0.22;0.28;Manchester City;9
Abdukodir Khusanov;uz UZB;DF;21-080;;6;503;5.6;0;0;0;0;0;0;1;0;0.0;0.0;0.1;0.1;1;25;2;0.00;0.00;0.00;0.00;0.00;0.00;0.02;0.02;0.00;0.02;Manchester City;6
James Mcatee;eng ENG;MF,FW;22-214;;3;349;3.9;3;0;3;3;0;0;1;0;2.8;2.8;0.5;3.3;7;7;32;0.77;0.00;0.77;0.77;0.77;0.72;0.13;0.85;0.72;0.85;Manchester City;15
Jahmai Simpson-Pusey;eng ENG;DF;19-197;;1;96;1.1;0;0;0;0;0;0;1;0;0.0;0.0;0.0;0.0;1;3;0;0.00;0.00;0.00;0.00;0.00;0.00;0.00;0.00;0.00;0.00;Manchester City;2
Rodri;es ESP;MF;28-332;;1;65;0.7;0;0;0;0;0;0;0;0;0.0;0.0;0.0;0.0;0;4;1;0.00;0.00;0.00;0.00;0.00;0.00;0.06;0.06;0.00;0.06;Manchester City;2
Divin Mubama;eng ENG;FW;20-207;;0;28;0.3;0;0;0;0;0;0;0;0;0.0;0.0;0.0;0.0;0;1;0;0.00;0.00;0.00;0.00;0.00;0.12;0.00;0.12;0.12;0.12;Manchester City;1
Oscar Bobb;no NOR;FW;21-312;;0;15;0.2;0;0;0;0;0;0;0;0;0.0;0.0;0.1;0.1;1;1;1;0.00;0.00;0.00;0.00;0.00;0.00;0.44;0.44;0.00;0.44;Manchester City;2
Vitor Reis;br BRA;DF;19-128;;0;1;0.0;0;0;0;0;0;0;0;0;0.0;0.0;0.0;0.0;0;0;0;0.00;0.00;0.00;0.00;0.00;0.00;0.00;0.00;0.00;0.00;Manchester City;1
Max Alleyne;eng ENG;DF;19-266;;0;;;;;;;;;;;;;;;;;;;;;;;;;;;;Manchester City;0
Thorsten Brits;eng ENG;GK;17-330;;0;;;;;;;;;;;;;;;;;;;;;;;;;;;;Manchester City;0
Scott Carson;eng ENG;GK;39-259;;0;;;;;;;;;;;;;;;;;;;;;;;;;;;;Manchester City;0
Issa Kaboré;bf BFA;DF,MF;24-008;;0;;;;;;;;;;;;;;;;;;;;;;;;;;;;Manchester City;0
Josh Wilson-Esbrand;eng ENG;DF;22-145;;0;;;;;;;;;;;;;;;;;;;;;;;;;;;;Manchester City;0
Jacob Wright;eng ENG;MF;19-241;;0;;;;;;;;;;;;;;;;;;;;;;;;;;;;Manchester City;0
Squad Total;;;27.6;;396;3240;36.0;66;48;114;64;2;3;58;1;63.6;61.2;51.1;112.3;1085;1847;1824;1.83;1.33;3.17;1.78;3.11;1.77;1.42;3.19;1.70;3.12;Manchester City;36
Opponent Total;;;27.0;;396;3240;36.0;41;32;73;37;4;4;85;1;45.3;42.2;35.8;78.0;520;851;843;1.14;0.89;2.03;1.03;1.92;1.26;1.00;2.26;1.17;2.17;Manchester City;36
Bradley Barcola;fr FRA;FW;22-260;34;27;2181;24.2;14;10;24;14;0;0;2;0;13.4;13.4;10.1;23.5;137;96;374;0.58;0.41;0.99;0.58;0.99;0.55;0.42;0.97;0.55;0.97;Paris SG;
Gianluigi Donnarumma;it ITA;GK;26-084;24;24;2091;23.2;0;0;0;0;0;0;2;0;0.0;0.0;0.0;0.0;0;0;0;0.00;0.00;0.00;0.00;0.00;0.00;0.00;0.00;0.00;0.00;Paris SG;
Achraf Hakimi;ma MAR;DF;26-197;25;24;2066;23.0;4;6;10;4;0;0;4;0;2.9;2.9;6.2;9.1;93;183;274;0.17;0.26;0.44;0.17;0.44;0.13;0.27;0.40;0.13;0.40;Paris SG;
Willian Pacho;ec ECU;DF;23-216;28;23;2132;23.7;0;1;1;0;0;0;2;0;0.3;0.3;0.3;0.6;3;53;1;0.00;0.04;0.04;0.00;0.04;0.01;0.01;0.02;0.01;0.02;Paris SG;
Warren Zaïre-Emery;fr FRA;MF,DF;19-073;29;23;2050;22.8;1;2;3;1;0;0;3;0;1.7;1.7;1.4;3.1;49;135;92;0.04;0.09;0.13;0.04;0.13;0.07;0.06;0.14;0.07;0.14;Paris SG;
Lucas Beraldo;br BRA;DF;21-177;25;22;2011;22.3;1;0;1;1;0;0;6;0;0.9;0.9;0.4;1.2;9;131;0;0.04;0.00;0.04;0.04;0.04;0.04;0.02;0.06;0.04;0.06;Paris SG;
João Neves;pt POR;MF,DF;20-235;29;22;1844;20.5;3;8;11;3;0;0;1;0;3.0;3.0;4.0;7.0;35;144;80;0.15;0.39;0.54;0.15;0.54;0.15;0.20;0.34;0.15;0.34;Paris SG;
Fabián Ruiz Peña;es ESP;MF;29-047;30;21;1923;21.4;4;5;9;4;0;0;1;0;4.3;4.3;4.7;9.0;47;205;92;0.19;0.23;0.42;0.19;0.42;0.20;0.22;0.42;0.20;0.42;Paris SG;
Vitinha;pt POR;MF;25-096;29;20;2042;22.7;5;1;6;3;2;2;1;0;3.4;1.8;2.6;4.4;53;224;57;0.22;0.04;0.26;0.13;0.18;0.15;0.11;0.27;0.08;0.20;Paris SG;
Ousmane Dembélé;fr FRA;FW;28-005;29;20;1730;19.2;21;6;27;20;1;1;1;0;16.6;15.8;8.2;24.0;127;137;252;1.09;0.31;1.40;1.04;1.35;0.86;0.43;1.29;0.82;1.25;Paris SG;
Marquinhos;br BRA;DF;31-006;22;19;1725;19.2;2;0;2;2;0;0;3;0;1.1;1.1;0.8;1.9;29;151;4;0.10;0.00;0.10;0.10;0.10;0.06;0.04;0.10;0.06;0.10;Paris SG;
Nuno Mendes;pt POR;DF;22-335;24;19;1676;18.6;1;3;4;1;0;0;3;0;2.2;2.2;5.0;7.2;58;127;108;0.05;0.16;0.21;0.05;0.21;0.12;0.27;0.39;0.12;0.39;Paris SG;
Lee Kang-in;kr KOR;FW,MF;24-090;30;19;1663;18.5;6;6;12;6;0;0;1;0;3.5;3.5;5.6;9.1;50;143;138;0.32;0.32;0.65;0.32;0.65;0.19;0.30;0.50;0.19;0.50;Paris SG;
Désiré Doué;fr FRA;FW,MF;19-351;31;18;1730;19.2;6;6;12;6;0;0;1;0;5.1;5.1;7.8;13.0;97;139;232;0.31;0.31;0.62;0.31;0.62;0.27;0.41;0.67;0.27;0.67;Paris SG;
Gonçalo Ramos;pt POR;FW;23-334;22;12;1066;11.8;10;3;13;8;2;3;1;0;13.6;11.3;2.2;13.4;11;24;63;0.84;0.25;1.10;0.68;0.93;1.15;0.18;1.33;0.95;1.13;Paris SG;
Khvicha Kvaratskhelia;ge GEO;FW;24-097;14;11;916;10.2;4;3;7;4;0;0;0;0;3.3;3.3;4.9;8.2;50;43;131;0.39;0.29;0.69;0.39;0.69;0.32;0.48;0.80;0.32;0.80;Paris SG;
Lucas Hernández;fr FRA;DF;29-095;16;10;877;9.7;0;0;0;0;0;0;2;0;0.0;0.0;0.1;0.1;6;50;4;0.00;0.00;0.00;0.00;0.00;0.00;0.01;0.01;0.00;0.01;Paris SG;
Matvei Safonov;ru RUS;GK;26-084;10;9;879;9.8;0;0;0;0;0;0;0;0;0.0;0.0;0.0;0.0;0;0;0;0.00;0.00;0.00;0.00;0.00;0.00;0.00;0.00;0.00;0.00;Paris SG;
Senny Mayulu;fr FRA;MF;19-003;20;8;808;9.0;2;2;4;2;0;0;1;0;2.9;2.9;2.1;4.9;29;46;56;0.22;0.22;0.45;0.22;0.45;0.32;0.23;0.55;0.32;0.55;Paris SG;
Marco Asensio;es ESP;FW,MF;29-119;12;8;618;6.9;2;4;6;2;0;0;0;0;5.6;5.6;2.7;8.3;19;36;49;0.29;0.58;0.87;0.29;0.87;0.82;0.39;1.21;0.82;1.21;Paris SG;
Milan Škriniar;sk SVK;DF;30-098;5;4;382;4.2;0;0;0;0;0;0;1;0;0.2;0.2;0.1;0.3;3;20;0;0.00;0.00;0.00;0.00;0.00;0.04;0.02;0.06;0.04;0.06;Paris SG;
Ibrahim Mbaye;fr FRA;FW,MF;17-116;9;4;340;3.8;1;1;2;1;0;0;0;0;1.8;1.8;1.1;2.9;15;9;54;0.26;0.26;0.53;0.26;0.53;0.48;0.30;0.78;0.48;0.78;Paris SG;
Randal Kolo Muani;fr FRA;FW;26-166;10;2;358;4.0;2;1;3;1;1;1;0;0;4.7;3.9;0.9;4.7;8;5;35;0.50;0.25;0.75;0.25;0.50;1.17;0.21;1.39;0.98;1.19;Paris SG;
Yoram Zague;fr FRA;DF,FW;19-005;4;2;183;2.0;0;0;0;0;0;0;0;0;0.1;0.1;0.1;0.1;5;10;17;0.00;0.00;0.00;0.00;0.00;0.02;0.03;0.05;0.02;0.05;Paris SG;
Axel Tapé;fr FRA;DF,MF;17-283;2;2;180;2.0;0;0;0;0;0;0;1;0;0.0;0.0;0.0;0.1;1;5;1;0.00;0.00;0.00;0.00;0.00;0.02;0.00;0.03;0.02;0.03;Paris SG;
Arnau Tenas;es ESP;GK;23-355;1;1;90;1.0;0;1;1;0;0;0;0;0;0.0;0.0;0.2;0.2;0;1;0;0.00;1.00;1.00;0.00;1.00;0.00;0.21;0.21;0.00;0.21;Paris SG;
Noham Kamara;fr FRA;DF;18-118;2;0;76;0.8;0;0;0;0;0;0;0;0;0.0;0.0;0.0;0.0;2;5;0;0.00;0.00;0.00;0.00;0.00;0.00;0.00;0.00;0.00;0.00;Paris SG;
Presnel Kimpembe;fr FRA;DF;29-280;2;0;23;0.3;0;0;0;0;0;0;0;0;0.0;0.0;0.0;0.0;0;1;0;0.00;0.00;0.00;0.00;0.00;0.00;0.00;0.00;0.00;0.00;Paris SG;
Naoufel El Hannach;ma MAR;DF;18-164;0;0;;;;;;;;;;;;;;;;;;;;;;;;;;;;Paris SG;
Louis Mouquet;pt POR;GK;20-303;0;0;;;;;;;;;;;;;;;;;;;;;;;;;;;;Paris SG;
Quentin Ndjantou Mbitcha;fr FRA;FW;17-301;0;0;;;;;;;;;;;;;;;;;;;;;;;;;;;;Paris SG;
Wassim Slama;fr FRA;MF;16-236;0;0;;;;;;;;;;;;;;;;;;;;;;;;;;;;Paris SG;
Carlos Soler;es ESP;MF;28-138;0;0;;;;;;;;;;;;;;;;;;;;;;;;;;;;Paris SG;
Squad Total;;;24.4;34;374;3060;34.0;89;69;158;83;6;7;37;0;88.9;83.3;70.8;154.1;936;2123;2114;2.62;2.03;4.65;2.44;4.47;2.61;2.08;4.70;2.45;4.53;Paris SG;
Opponent Total;;;26.6;34;374;3060;34.0;34;22;56;31;3;3;61;2;31.2;29.0;22.7;51.6;467;874;868;1.00;0.65;1.65;0.91;1.56;0.92;0.67;1.58;0.85;1.52;Paris SG;
Joshua Kimmich;de GER;MF;30-101;;32;2847;31.6;3;7;10;3;0;0;4;0;1.8;1.8;7.4;9.2;51;362;77;0.09;0.22;0.32;0.09;0.32;0.06;0.24;0.29;0.06;0.29;Bayern Munich;33
Harry Kane;eng ENG;FW;31-296;;28;2381;26.5;26;9;35;17;9;9;5;0;20.3;13.3;5.3;18.6;29;97;143;0.98;0.34;1.32;0.64;0.98;0.77;0.20;0.97;0.50;0.70;Bayern Munich;31
Michael Olise;fr FRA;FW,MF;23-159;;28;2334;25.9;12;15;27;12;0;0;3;0;9.7;9.7;12.0;21.7;119;184;381;0.46;0.58;1.04;0.46;1.04;0.38;0.46;0.84;0.38;0.84;Bayern Munich;34
Kim Min-jae;kr KOR;DF;28-186;;27;2283;25.4;2;0;2;2;0;0;2;0;1.6;1.6;0.3;1.9;16;181;5;0.08;0.00;0.08;0.08;0.08;0.06;0.01;0.08;0.06;0.08;Bayern Munich;27
Manuel Neuer;de GER;GK;39-054;;22;1980;22.0;0;0;0;0;0;0;0;0;0.0;0.0;0.5;0.5;0;10;0;0.00;0.00;0.00;0.00;0.00;0.00;0.02;0.02;0.00;0.02;Bayern Munich;22
Jamal Musiala;de GER;MF;22-083;;21;1798;20.0;12;2;14;12;0;0;3;0;9.3;9.3;4.5;13.8;71;107;156;0.60;0.10;0.70;0.60;0.70;0.46;0.23;0.69;0.46;0.69;Bayern Munich;25
Dayot Upamecano;fr FRA;DF;26-205;;20;1759;19.5;2;0;2;2;0;0;6;0;1.2;1.2;0.5;1.7;17;137;4;0.10;0.00;0.10;0.10;0.10;0.06;0.03;0.09;0.06;0.09;Bayern Munich;20
Konrad Laimer;at AUT;DF;27-358;;19;1699;18.9;2;2;4;2;0;0;8;0;2.1;2.1;2.7;4.8;87;141;113;0.11;0.11;0.21;0.11;0.21;0.11;0.14;0.25;0.11;0.25;Bayern Munich;29
Raphaël Guerreiro;pt POR;DF,MF;31-149;;19;1572;17.5;4;4;8;4;0;0;2;0;2.9;2.9;2.9;5.8;39;85;126;0.23;0.23;0.46;0.23;0.46;0.16;0.17;0.33;0.16;0.33;Bayern Munich;23
Aleksandar Pavlovic;de GER;MF;21-017;;18;1451;16.1;1;0;1;1;0;0;2;0;0.6;0.6;0.2;0.8;15;128;33;0.06;0.00;0.06;0.06;0.06;0.03;0.01;0.05;0.03;0.05;Bayern Munich;21
Leroy Sané;de GER;FW;29-129;;17;1637;18.2;11;5;16;11;0;0;2;0;10.2;10.2;5.5;15.8;75;64;266;0.60;0.27;0.88;0.60;0.88;0.56;0.30;0.87;0.56;0.87;Bayern Munich;30
Alphonso Davies;ca CAN;DF;24-199;;17;1560;17.3;1;2;3;1;0;0;0;0;1.2;1.2;1.6;2.8;81;120;140;0.06;0.12;0.17;0.06;0.17;0.07;0.09;0.16;0.07;0.16;Bayern Munich;19
Eric Dier;eng ENG;DF;31-125;;16;1463;16.3;2;1;3;2;0;0;1;0;1.1;1.1;0.1;1.2;12;73;1;0.12;0.06;0.18;0.12;0.18;0.07;0.01;0.08;0.07;0.08;Bayern Munich;21
Kingsley Coman;fr FRA;FW;28-341;;14;1282;14.2;5;4;9;5;0;0;0;0;4.3;4.3;3.3;7.6;66;45;215;0.35;0.28;0.63;0.35;0.63;0.30;0.23;0.53;0.30;0.53;Bayern Munich;28
Leon Goretzka;de GER;MF,DF;30-103;;13;1325;14.7;4;1;5;4;0;0;2;0;2.8;2.8;1.7;4.4;35;127;28;0.27;0.07;0.34;0.27;0.34;0.19;0.11;0.30;0.19;0.30;Bayern Munich;26
Serge Gnabry;de GER;FW,MF;29-310;;13;1242;13.8;7;5;12;7;0;1;0;0;7.5;6.8;5.1;11.9;44;48;149;0.51;0.36;0.87;0.51;0.87;0.55;0.37;0.92;0.49;0.86;Bayern Munich;27
Thomas Müller;de GER;MF,FW;35-249;;12;1225;13.6;1;4;5;1;0;0;3;0;3.8;3.8;2.9;6.7;24;50;143;0.07;0.29;0.37;0.07;0.37;0.28;0.21;0.49;0.28;0.49;Bayern Munich;30
Josip Stanišić;hr CRO;DF;25-048;;9;876;9.7;0;2;2;0;0;0;0;0;0.3;0.3;1.5;1.8;20;76;30;0.00;0.21;0.21;0.00;0.21;0.03;0.15;0.18;0.03;0.18;Bayern Munich;14
Jonas Urbig;de GER;GK;21-285;;8;720;8.0;0;0;0;0;0;0;0;0;0.0;0.0;0.0;0.0;0;3;0;0.00;0.00;0.00;0.00;0.00;0.00;0.00;0.00;0.00;0.00;Bayern Munich;8
João Palhinha;pt POR;MF;29-315;;6;673;7.5;0;0;0;0;0;0;2;1;0.7;0.7;0.2;0.9;3;32;7;0.00;0.00;0.00;0.00;0.00;0.09;0.03;0.12;0.09;0.12;Bayern Munich;17
Sacha Boey;fr FRA;DF;24-249;;6;593;6.6;0;2;2;0;0;0;1;0;0.1;0.1;1.2;1.3;18;39;63;0.00;0.30;0.30;0.00;0.30;0.02;0.18;0.20;0.02;0.20;Bayern Munich;13
Daniel Peretz;il ISR;GK;24-314;;3;270;3.0;0;0;0;0;0;0;1;0;0.0;0.0;0.0;0.0;0;1;0;0.00;0.00;0.00;0.00;0.00;0.00;0.00;0.00;0.00;0.00;Bayern Munich;3
Hiroki Ito;jp JPN;DF;26-008;;3;250;2.8;1;0;1;1;0;0;1;0;0.4;0.4;0.4;0.8;3;18;6;0.36;0.00;0.36;0.36;0.36;0.13;0.14;0.27;0.13;0.27;Bayern Munich;6
Mathys Tel;fr FRA;FW,MF;20-023;;2;256;2.8;0;1;1;0;0;0;0;0;0.7;0.7;0.3;1.0;6;9;34;0.00;0.35;0.35;0.00;0.35;0.26;0.10;0.36;0.26;0.36;Bayern Munich;8
Sven Ulreich;de GER;GK;36-290;;1;90;1.0;0;0;0;0;0;0;0;0;0.0;0.0;0.0;0.0;0;0;0;0.00;0.00;0.00;0.00;0.00;0.00;0.00;0.00;0.00;0.00;Bayern Munich;1
Gabriel Vidovic;hr CRO;MF;21-170;;0;24;0.3;0;0;0;0;0;0;0;0;0.1;0.1;0.0;0.1;0;0;3;0.00;0.00;0.00;0.00;0.00;0.41;0.00;0.41;0.41;0.41;Bayern Munich;4
Adam Aznou;ma MAR;DF;18-352;;0;17;0.2;0;0;0;0;0;0;0;0;0.0;0.0;0.0;0.0;0;1;2;0.00;0.00;0.00;0.00;0.00;0.00;0.00;0.00;0.00;0.00;Bayern Munich;2
Jonah Kusi-Asare;se SWE;FW;17-320;;0;3;0.0;0;0;0;0;0;0;0;0;0.0;0.0;0.0;0.0;0;0;0;0.00;0.00;0.00;0.00;0.00;1.12;0.00;1.12;1.12;1.12;Bayern Munich;1
Arijon Ibrahimović;de GER;FW;19-160;;0;1;0.0;0;0;0;0;0;0;0;0;0.0;0.0;0.0;0.0;0;0;0;0.00;0.00;0.00;0.00;0.00;0.00;0.00;0.00;0.00;0.00;Bayern Munich;1
Lennart Karl;de GER;MF;17-087;;0;;;;;;;;;;;;;;;;;;;;;;;;;;;;Bayern Munich;0
Wisdom Mike;de GER;FW;16-238;;0;;;;;;;;;;;;;;;;;;;;;;;;;;;;Bayern Munich;0
Noel Nkili;de GER;MF;19-179;;0;;;;;;;;;;;;;;;;;;;;;;;;;;;;Bayern Munich;0
Anthony Pavlesic;au AUS;GK;19-109;;0;;;;;;;;;;;;;;;;;;;;;;;;;;;;Bayern Munich;0
Max Schmitt;de GER;GK;19-122;;0;;;;;;;;;;;;;;;;;;;;;;;;;;;;Bayern Munich;0
Squad Total;;;28.5;;374;3060;34.0;96;66;162;87;9;10;48;1;81.7;74.0;59.7;133.7;831;2138;2125;2.82;1.94;4.76;2.56;4.50;2.40;1.76;4.16;2.18;3.93;Bayern Munich;34
Opponent Total;;;27.3;;374;3060;34.0;32;25;57;31;1;2;65;2;25.5;24.0;18.1;42.1;286;669;664;0.94;0.74;1.68;0.91;1.65;0.75;0.53;1.28;0.71;1.24;Bayern Munich;34
Mohamed Salah;eg EGY;FW;32-339;;37;3281.0;36.5;28.0;18.0;46.0;19.0;9.0;9.0;1.0;0.0;24.8;17.8;13.7;31.5;153.0;140.0;470.0;0.77;0.49;1.26;0.52;1.01;0.68;0.37;1.06;0.49;0.86;Liverpool;37
Virgil van Dijk;nl NED;DF;33-316;;36;3240.0;36.0;3.0;1.0;4.0;3.0;0.0;0.0;4.0;0.0;2.2;2.2;0.7;3.0;18.0;182.0;6.0;0.08;0.03;0.11;0.08;0.11;0.06;0.02;0.08;0.06;0.08;Liverpool;36
Ryan Gravenberch;nl NED;MF;23-004;;36;3093.0;34.4;0.0;4.0;4.0;0.0;0.0;0.0;5.0;0.0;1.1;1.1;2.9;4.0;67.0;174.0;54.0;0.0;0.12;0.12;0.0;0.12;0.03;0.08;0.12;0.03;0.12;Liverpool;36
Alexis Mac Allister;ar ARG;MF;26-147;;30;2599.0;28.9;5.0;5.0;10.0;5.0;0.0;0.0;6.0;0.0;2.8;2.8;4.7;7.5;36.0;177.0;80.0;0.17;0.17;0.35;0.17;0.35;0.1;0.16;0.26;0.1;0.26;Liverpool;35
Ibrahima Konaté;fr FRA;DF;25-360;;29;2500.0;27.8;1.0;2.0;3.0;1.0;0.0;0.0;5.0;0.0;1.7;1.7;1.0;2.7;21.0;109.0;3.0;0.04;0.07;0.11;0.04;0.11;0.06;0.04;0.1;0.06;0.1;Liverpool;30
Dominik Szoboszlai;hu HUN;MF;24-207;;28;2432.0;27.0;6.0;6.0;12.0;6.0;0.0;0.0;6.0;0.0;7.3;7.3;7.3;14.6;71.0;124.0;124.0;0.22;0.22;0.44;0.22;0.44;0.27;0.27;0.54;0.27;0.54;Liverpool;35
Andrew Robertson;sct SCO;DF;31-070;;28;2398.0;26.6;0.0;1.0;1.0;0.0;0.0;0.0;3.0;1.0;1.2;1.2;4.6;5.8;62.0;167.0;97.0;0.0;0.04;0.04;0.0;0.04;0.04;0.17;0.22;0.04;0.22;Liverpool;32
Trent Alexander-Arnold;eng ENG;DF;26-225;;28;2320.0;25.8;3.0;6.0;9.0;3.0;0.0;0.0;5.0;0.0;1.9;1.9;6.7;8.6;50.0;228.0;90.0;0.12;0.23;0.35;0.12;0.35;0.07;0.26;0.33;0.07;0.33;Liverpool;32
Alisson;br BRA;GK;32-230;;27;2418.0;26.9;0.0;0.0;0.0;0.0;0.0;0.0;0.0;0.0;0.0;0.0;0.6;0.6;0.0;1.0;0.0;0.0;0.0;0.0;0.0;0.0;0.0;0.02;0.02;0.0;0.02;Liverpool;27
Luis Díaz;co COL;FW;28-127;;27;2331.0;25.9;13.0;5.0;18.0;13.0;0.0;0.0;2.0;0.0;11.3;11.3;5.0;16.3;108.0;108.0;284.0;0.5;0.19;0.69;0.5;0.69;0.44;0.19;0.63;0.44;0.63;Liverpool;35
Cody Gakpo;nl NED;FW;26-013;;22;1845.0;20.5;10.0;3.0;13.0;10.0;0.0;0.0;5.0;0.0;7.0;7.0;4.0;11.0;56.0;52.0;259.0;0.49;0.15;0.63;0.49;0.63;0.34;0.2;0.54;0.34;0.54;Liverpool;34
Curtis Jones;eng ENG;MF,DF;24-110;;18;1621.0;18.0;3.0;3.0;6.0;3.0;0.0;0.0;3.0;1.0;4.3;4.3;1.1;5.4;28.0;104.0;76.0;0.17;0.17;0.33;0.17;0.33;0.24;0.06;0.3;0.24;0.3;Liverpool;32
Diogo Jota;pt POR;FW;28-167;;14;1166.0;13.0;6.0;3.0;9.0;6.0;0.0;0.0;2.0;0.0;7.6;7.6;1.8;9.4;37.0;33.0;87.0;0.46;0.23;0.69;0.46;0.69;0.59;0.14;0.73;0.59;0.73;Liverpool;25
Caoimhín Kelleher;ie IRL;GK;26-178;;10;900.0;10.0;0.0;0.0;0.0;0.0;0.0;0.0;0.0;0.0;0.0;0.0;0.0;0.0;0.0;0.0;0.0;0.0;0.0;0.0;0.0;0.0;0.0;0.0;0.0;0.0;0.0;Liverpool;10
Kostas Tsimikas;gr GRE;DF;29-008;;9;837.0;9.3;0.0;1.0;1.0;0.0;0.0;0.0;2.0;0.0;0.4;0.4;2.1;2.5;17.0;76.0;43.0;0.0;0.11;0.11;0.0;0.11;0.04;0.23;0.27;0.04;0.27;Liverpool;18
Darwin Núñez;uy URU;FW;25-330;;8;1103.0;12.3;5.0;2.0;7.0;5.0;0.0;0.0;8.0;0.0;5.3;5.3;1.3;6.6;23.0;27.0;76.0;0.41;0.16;0.57;0.41;0.57;0.43;0.1;0.54;0.43;0.54;Liverpool;29
Conor Bradley;nir NIR;DF;21-315;;6;709.0;7.9;0.0;2.0;2.0;0.0;0.0;0.0;4.0;0.0;0.7;0.7;1.4;2.1;32.0;28.0;33.0;0.0;0.25;0.25;0.0;0.25;0.09;0.18;0.26;0.09;0.26;Liverpool;18
Joe Gomez;eng ENG;DF;27-362;;6;519.0;5.8;0.0;0.0;0.0;0.0;0.0;0.0;1.0;0.0;0.3;0.3;0.1;0.4;5.0;35.0;2.0;0.0;0.0;0.0;0.0;0.0;0.06;0.02;0.08;0.06;0.08;Liverpool;9
Jarell Quansah;eng ENG;DF;22-111;;4;495.0;5.5;0.0;0.0;0.0;0.0;0.0;0.0;2.0;0.0;0.1;0.1;0.1;0.2;3.0;19.0;4.0;0.0;0.0;0.0;0.0;0.0;0.02;0.02;0.04;0.02;0.04;Liverpool;13
Harvey Elliott;eng ENG;MF,FW;22-046;;2;365.0;4.1;1.0;2.0;3.0;1.0;0.0;0.0;1.0;0.0;1.8;1.8;1.1;2.8;10.0;44.0;30.0;0.25;0.49;0.74;0.25;0.74;0.43;0.27;0.7;0.43;0.7;Liverpool;17
Wataru Endo;jp JPN;MF,DF;32-100;;1;251.0;2.8;0.0;0.0;0.0;0.0;0.0;0.0;0.0;0.0;0.0;0.0;0.1;0.1;1.0;15.0;7.0;0.0;0.0;0.0;0.0;0.0;0.0;0.02;0.02;0.0;0.02;Liverpool;19
Federico Chiesa;it ITA;FW;27-207;;1;108.0;1.2;0.0;0.0;0.0;0.0;0.0;0.0;0.0;0.0;0.3;0.3;0.2;0.5;3.0;3.0;7.0;0.0;0.0;0.0;0.0;0.0;0.28;0.15;0.43;0.28;0.43;Liverpool;6
Vitezslav Jaros;cz CZE;GK;23-301;;0;12.0;0.1;0.0;0.0;0.0;0.0;0.0;0.0;0.0;0.0;0.0;0.0;0.0;0.0;0.0;0.0;0.0;0.0;0.0;0.0;0.0;0.0;0.0;0.0;0.0;0.0;0.0;Liverpool;1
Jayden Danns;eng ENG;MF;19-124;;0;11.0;0.1;0.0;0.0;0.0;0.0;0.0;0.0;0.0;0.0;0.0;0.0;0.0;0.0;0.0;0.0;0.0;0.0;0.0;0.0;0.0;0.0;0.0;0.0;0.0;0.0;0.0;Liverpool;1
Harvey Davies;eng ENG;GK;21-259;;0;;;;;;;;;;;;;;;;;;;;;;;;;;;;Liverpool;0
James McConnell;eng ENG;MF;20-249;;0;;;;;;;;;;;;;;;;;;;;;;;;;;;;Liverpool;0
Tyler Morton;eng ENG;MF;22-201;;0;;;;;;;;;;;;;;;;;;;;;;;;;;;;Liverpool;0
Amara Nallo;eng ENG;DF;18-183;;0;;;;;;;;;;;;;;;;;;;;;;;;;;;;Liverpool;0
Trey Nyoni;eng ENG;MF;17-324;;0;;;;;;;;;;;;;;;;;;;;;;;;;;;;Liverpool;0
Squad Total;;;28.0;;407;3330.0;37.0;84.0;64.0;148.0;75.0;9.0;9.0;65.0;2.0;80.0;73.1;59.6;132.7;801.0;1846.0;1832.0;2.27;1.73;4.0;2.03;3.76;2.16;1.61;3.77;1.98;3.59;Liverpool;37
Opponent Total;;;26.9;;407;3330.0;37.0;38.0;27.0;65.0;37.0;1.0;2.0;84.0;2.0;36.8;35.1;27.7;62.8;667.0;1072.0;1054.0;1.03;0.73;1.76;1.0;1.73;0.99;0.75;1.74;0.95;1.7;Liverpool;37
Bernd Leno;de GER;GK;33-077;;37;3330.0;37.0;0.0;1.0;1.0;0.0;0.0;0.0;5.0;0.0;0.0;0.0;0.1;0.1;0.0;0.0;0.0;0.0;0.03;0.03;0.0;0.03;0.0;0.0;0.0;0.0;0.0;Inter Milan;37
Alex Iwobi;ng NGA;FW,MF;29-017;;35;2951.0;32.8;9.0;6.0;15.0;9.0;0.0;0.0;1.0;0.0;4.7;4.7;7.0;11.7;141.0;208.0;237.0;0.27;0.18;0.46;0.27;0.46;0.14;0.21;0.36;0.14;0.36;Inter Milan;37
Antonee Robinson;us USA;DF;27-285;;34;3077.0;34.2;0.0;10.0;10.0;0.0;0.0;0.0;8.0;0.0;0.7;0.7;4.2;4.9;117.0;127.0;269.0;0.0;0.29;0.29;0.0;0.29;0.02;0.12;0.14;0.02;0.14;Inter Milan;35
Calvin Bassey;ng NGA;DF;25-140;;34;3074.0;34.2;1.0;0.0;1.0;1.0;0.0;0.0;7.0;0.0;1.0;1.0;0.1;1.2;39.0;116.0;15.0;0.03;0.0;0.03;0.03;0.03;0.03;0.0;0.03;0.03;0.03;Inter Milan;35
Raúl Jiménez;mx MEX;FW;34-015;;29;2404.0;26.7;12.0;3.0;15.0;9.0;3.0;3.0;4.0;0.0;11.7;9.4;3.3;12.7;35.0;61.0;124.0;0.45;0.11;0.56;0.34;0.45;0.44;0.13;0.57;0.35;0.48;Inter Milan;37
Joachim Andersen;dk DEN;DF;28-354;;28;2493.0;27.7;0.0;0.0;0.0;0.0;0.0;0.0;6.0;1.0;1.0;1.0;0.3;1.4;16.0;111.0;2.0;0.0;0.0;0.0;0.0;0.0;0.04;0.01;0.05;0.04;0.05;Inter Milan;28
Saša Lukić;rs SRB;MF;28-280;;27;2259.0;25.1;0.0;2.0;2.0;0.0;0.0;0.0;12.0;0.0;1.2;1.2;2.7;3.9;39.0;94.0;31.0;0.0;0.08;0.08;0.0;0.08;0.05;0.11;0.16;0.05;0.16;Inter Milan;29
Sander Berge;no NOR;MF;27-095;;26;2219.0;24.7;0.0;0.0;0.0;0.0;0.0;0.0;6.0;0.0;0.2;0.2;0.6;0.8;29.0;120.0;9.0;0.0;0.0;0.0;0.0;0.0;0.01;0.03;0.03;0.01;0.03;Inter Milan;30
Emile Smith Rowe;eng ENG;MF;24-296;;25;2013.0;22.4;6.0;3.0;9.0;6.0;0.0;0.0;3.0;0.0;4.5;4.5;1.4;5.9;53.0;122.0;123.0;0.27;0.13;0.4;0.27;0.4;0.2;0.06;0.26;0.2;0.26;Inter Milan;33
Andreas Pereira;br BRA;MF;29-139;;24;1953.0;21.7;2.0;4.0;6.0;2.0;0.0;1.0;7.0;0.0;3.5;2.7;4.5;7.2;29.0;103.0;80.0;0.09;0.18;0.28;0.09;0.28;0.16;0.21;0.37;0.13;0.33;Inter Milan;32
Kenny Tete;nl NED;DF;29-223;;20;1684.0;18.7;0.0;2.0;2.0;0.0;0.0;0.0;5.0;0.0;1.3;1.3;0.9;2.2;34.0;62.0;53.0;0.0;0.11;0.11;0.0;0.11;0.07;0.05;0.12;0.07;0.12;Inter Milan;21
Adama Traoré;es ESP;FW,MF;29-115;;17;1699.0;18.9;2.0;7.0;9.0;2.0;0.0;0.0;3.0;0.0;3.9;3.9;4.9;8.8;99.0;67.0;156.0;0.11;0.37;0.48;0.11;0.48;0.21;0.26;0.47;0.21;0.47;Inter Milan;35
Timothy Castagne;be BEL;DF;29-166;;17;1649.0;18.3;0.0;1.0;1.0;0.0;0.0;0.0;1.0;0.0;0.4;0.4;1.2;1.6;17.0;62.0;67.0;0.0;0.05;0.05;0.0;0.05;0.02;0.07;0.09;0.02;0.09;Inter Milan;24
Issa Diop;fr FRA;DF;28-131;;15;1339.0;14.9;0.0;0.0;0.0;0.0;0.0;0.0;2.0;0.0;0.5;0.5;0.1;0.6;6.0;25.0;3.0;0.0;0.0;0.0;0.0;0.0;0.04;0.01;0.04;0.04;0.04;Inter Milan;21
Harry Wilson;wls WAL;FW,MF;28-059;;11;1102.0;12.2;6.0;1.0;7.0;6.0;0.0;0.0;2.0;0.0;4.0;4.0;1.1;5.1;18.0;50.0;94.0;0.49;0.08;0.57;0.49;0.57;0.33;0.09;0.42;0.33;0.42;Inter Milan;24
Rodrigo Muniz;br BRA;FW;24-016;;8;964.0;10.7;8.0;1.0;9.0;8.0;0.0;0.0;1.0;0.0;5.8;5.8;0.7;6.5;6.0;27.0;31.0;0.75;0.09;0.84;0.75;0.84;0.54;0.07;0.61;0.54;0.61;Inter Milan;31
Ryan Sessegnon;eng ENG;FW,DF;25-002;;7;563.0;6.3;4.0;2.0;6.0;4.0;0.0;0.0;1.0;0.0;1.6;1.6;1.0;2.6;15.0;20.0;56.0;0.64;0.32;0.96;0.64;0.96;0.26;0.15;0.41;0.26;0.41;Inter Milan;15
Reiss Nelson;eng ENG;FW;25-161;;5;487.0;5.4;1.0;1.0;2.0;1.0;0.0;0.0;1.0;0.0;1.1;1.1;1.0;2.1;45.0;35.0;63.0;0.18;0.18;0.37;0.18;0.37;0.2;0.18;0.39;0.2;0.39;Inter Milan;11
Jorge Cuenca;es ESP;DF;25-184;;3;261.0;2.9;0.0;0.0;0.0;0.0;0.0;0.0;0.0;0.0;0.0;0.0;0.0;0.0;0.0;9.0;0.0;0.0;0.0;0.0;0.0;0.0;0.01;0.0;0.01;0.01;0.01;Inter Milan;7
Tom Cairney;sct SCO;MF;34-120;;2;555.0;6.2;2.0;0.0;2.0;2.0;0.0;0.0;3.0;1.0;0.5;0.5;1.0;1.5;17.0;51.0;33.0;0.32;0.0;0.32;0.32;0.32;0.09;0.15;0.24;0.09;0.24;Inter Milan;24
Willian;br BRA;FW,MF;36-284;;2;257.0;2.9;0.0;0.0;0.0;0.0;0.0;0.0;0.0;0.0;0.3;0.3;0.5;0.8;11.0;40.0;33.0;0.0;0.0;0.0;0.0;0.0;0.1;0.18;0.28;0.1;0.28;Inter Milan;10
Joshua King;eng ENG;MF;18-137;;1;113.0;1.3;0.0;0.0;0.0;0.0;0.0;0.0;0.0;0.0;0.2;0.2;0.4;0.7;3.0;7.0;15.0;0.0;0.0;0.0;0.0;0.0;0.2;0.34;0.54;0.2;0.54;Inter Milan;7
Harrison Reed;eng ENG;MF;30-113;;0;108.0;1.2;0.0;0.0;0.0;0.0;0.0;0.0;2.0;0.0;0.2;0.2;0.1;0.3;1.0;4.0;7.0;0.0;0.0;0.0;0.0;0.0;0.21;0.07;0.27;0.21;0.27;Inter Milan;12
Martial Godo;eng ENG;FW,DF;22-067;;0;24.0;0.3;0.0;0.0;0.0;0.0;0.0;0.0;0.0;0.0;0.0;0.0;0.1;0.1;2.0;3.0;6.0;0.0;0.0;0.0;0.0;0.0;0.0;0.21;0.21;0.0;0.21;Inter Milan;2
Carlos Vinícius;br BRA;MF,FW;30-056;;0;16.0;0.2;0.0;0.0;0.0;0.0;0.0;0.0;0.0;0.0;0.0;0.0;0.0;0.0;1.0;0.0;3.0;0.0;0.0;0.0;0.0;0.0;0.21;0.0;0.21;0.21;0.21;Inter Milan;3
Jay Stansfield;eng ENG;MF;22-177;;0;1.0;0.0;0.0;0.0;0.0;0.0;0.0;0.0;0.0;0.0;0.0;0.0;0.0;0.0;0.0;0.0;0.0;0.0;0.0;0.0;0.0;0.0;0.0;0.0;0.0;0.0;0.0;Inter Milan;1
Samuel Amissah;eng ENG;DF;18-074;;0;;;;;;;;;;;;;;;;;;;;;;;;;;;;Inter Milan;0
Steven Benda;de GER;GK;26-231;;0;;;;;;;;;;;;;;;;;;;;;;;;;;;;Inter Milan;0
Squad Total;;;28.8;;407;3330.0;37.0;53.0;44.0;97.0;50.0;3.0;4.0;80.0;2.0;47.8;44.6;36.9;81.6;773.0;1524.0;1510.0;1.43;1.19;2.62;1.35;2.54;1.29;1.0;2.29;1.21;2.2;Inter Milan;37
Opponent Total;;;27.0;;407;3330.0;37.0;50.0;40.0;90.0;48.0;2.0;3.0;67.0;3.0;44.2;41.9;32.7;74.6;620.0;1342.0;1331.0;1.35;1.08;2.43;1.3;2.38;1.2;0.88;2.08;1.13;2.02;Inter Milan;37
